谈话人,职位,谈话对象,职务,谈话时间,谈话地点,对谈话人的意见建议,对谈话对象的意见建议,谈话人签字,谈话对象签字,记录人签字
张XX,榆阳区气象局党组书记、局长,李XX,榆阳区气象局党组成员、副局长,2025年12月15日,局会议室,"1.建议在工作中更加注重年轻干部培养；
2.建议加强与其他部门的沟通协调；
3.建议进一步提升业务能力；
4.建议加强理论学习；
5.建议改进工作方法。","1.在党建工作中要进一步压实责任，加强理论学习；
2.在业务工作中要更加注重精细化管理；
3.在团队建设中要发挥更大作用；
4.在创新工作方式上要有新突破；
5.在个人能力提升上要持续发力。",张XX,李XX,王XX
张XX,榆阳区气象局党组书记、局长,王XX,榆阳区气象局党组成员、纪检组长,2025年12月16日,局会议室,"1.希望在党风廉政建设方面继续加强监督力度；
2.建议在日常工作中更加注重细节管理；
3.建议加强纪律教育工作；
4.建议完善监督机制；
5.建议提高执纪问责水平。","1.在全面从严治党方面要进一步强化主体责任；
2.在队伍建设方面要加强纪律教育；
3.在制度建设方面要完善监督机制；
4.在执纪问责方面要严格标准；
5.在廉政教育方面要创新方式。",张XX,王XX,李XX
张XX,榆阳区气象局党组书记、局长,赵XX,榆阳区气象局副局长,2025年12月17日,局会议室,"1.建议加强业务学习；
2.建议提高工作效率；
3.建议增强责任意识；
4.建议改进工作方法；
5.建议加强团队协作。","1.在业务管理方面要更细致；
2.在工作安排上要更合理；
3.在执行力方面要更强；
4.在创新思维上要更活跃；
5.在沟通协调上要更主动。",张XX,赵XX,王XX
张XX,榆阳区气象局党组书记、局长,孙XX,榆阳区气象局党组成员、办公室主任,2025年12月18日,局会议室,"1.希望进一步提升服务水平；
2.建议加强统筹协调；
3.建议优化工作流程；
4.建议提高办事效率；
5.建议强化责任担当。","1.在综合协调方面要更有力；
2.在服务保障方面要更周到；
3.在文字材料方面要更精准；
4.在后勤管理方面要更规范；
5.在制度执行方面要更严格。",张XX,孙XX,李XX
张XX,榆阳区气象局党组书记、局长,马XX,榆阳区气象台台长,2025年12月19日,局会议室,"1.建议提升预报准确率；
2.建议加强业务培训；
3.建议完善预警机制；
4.建议改进服务方式；
5.建议强化技术创新。","1.在天气预报方面要更精准；
2.在服务决策方面要更主动；
3.在应急响应方面要更迅速；
4.在科研创新方面要更深入；
5.在人才培养方面要更重视。",张XX,马XX,王XX
李XX,榆阳区气象局党组成员、副局长,王XX,榆阳区气象局党组成员、纪检组长,2025年12月20日,局会议室,"1.希望在工作中加强沟通协调；
2.建议在业务管理方面更加规范化；
3.建议加强协作配合；
4.建议完善工作机制；
5.建议提高工作效率。","1.在业务分工方面要进一步明确责任；
2.在工作配合方面要加强协作；
3.在沟通交流方面要更主动；
4.在问题解决方面要及时有效；
5.在团队建设方面要发挥作用。",李XX,王XX,张XX
李XX,榆阳区气象局党组成员、副局长,赵XX,榆阳区气象局副局长,2025年12月21日,局会议室,"1.建议加强业务学习；
2.建议提升管理能力；
3.建议改进工作方式；
4.建议增强责任意识；
5.建议强化团队合作。","1.在业务指导方面要更具体；
2.在工作安排方面要更合理；
3.在执行落实方面要更到位；
4.在创新实践方面要更积极；
5.在相互配合方面要更默契。",李XX,赵XX,王XX
李XX,榆阳区气象局党组成员、副局长,孙XX,榆阳区气象局党组成员、办公室主任,2025年12月22日,局会议室,"1.希望进一步提升服务质量；
2.建议加强统筹协调；
3.建议优化工作流程；
4.建议提高办事效率；
5.建议强化责任担当。","1.在后勤保障方面要更周到；
2.在综合协调方面要更有力；
3.在服务一线方面要更贴心；
4.在制度执行方面要更严格；
5.在信息反馈方面要更及时。",李XX,孙XX,张XX
李XX,榆阳区气象局党组成员、副局长,马XX,榆阳区气象台台长,2025年12月23日,局会议室,"1.建议提升预报服务水平；
2.建议加强业务能力建设；
3.建议完善预警发布机制；
4.建议改进服务方式；
5.建议强化技术创新。","1.在预报准确性方面要更精准；
2.在服务时效性方面要更快捷；
3.在应急响应方面要更迅速；
4.在科研创新方面要更深入；
5.在人才培养方面要更重视。",李XX,马XX,王XX
王XX,榆阳区气象局党组成员、纪检组长,赵XX,榆阳区气象局副局长,2025年12月24日,局会议室,"1.希望在工作中严格执行纪律；
2.建议加强廉政风险防控；
3.建议完善监督机制；
4.建议提高廉洁自律意识；
5.建议加强制度建设。","1.在廉政建设方面要更严格；
2.在纪律执行方面要更到位；
3.在风险防控方面要更严密；
4.在廉洁自律方面要更自觉；
5.在监督管理方面要更有效。",王XX,赵XX,李XX